External_Id__c,Contact.External_Id__c
s0H5w000003nGySDKL,001M283a1000S243i1
z0N0v000001tIwGDJK,001Z203d1000E223a1
o0N0t000009zXvPYKT,001H273x1000F293d1
y0I3e000002nKpOCKM,001Z283d1000Q213o1
d0D6h000007uSfECES,001P233j1000Q273n1
c0R8c000000kShFFNR,001U243m1000Y213o1
t0P3c000009sEcHHKR,001N253d1000N203k1
g0G0i000008qOoNXAA,001C253d1000I283w1
u0G6j000005pQoVBNJ,001G283b1000V293b1
c0I5i000007iVpLGQO,001C213v1000Q203g1
z0Y6p000005kBtRBKM,001M283a1000S243i1
q0Y3u000006tNnKXZU,001Z203d1000E223a1
y0N4d000008rNoMHMD,001H273x1000F293d1
t0G6k000000mNaXZCC,001Z283d1000Q213o1
o0I0d000006oWgDOGM,001P233j1000Q273n1
l0B5b000000wBzZKJH,001U243m1000Y213o1
w0N8g000005wCgTVMZ,001N253d1000N203k1
f0V0p000003wQtLIYH,001C253d1000I283w1
f0N7u000005vUrSBLH,001G283b1000V293b1
g0W1r000000xAzSJTO,001C213v1000Q203g1
o0O8x000005oFfGYPB,001M283a1000S243i1
i0F3t000000gPdAXLM,001Z203d1000E223a1
j0J7d000003nIeFNGM,001H273x1000F293d1
u0B7d000004hYfJOJS,001Z283d1000Q213o1
j0N9s000008hWnQNVW,001P233j1000Q273n1
c0K5d000006hTcQVTN,001U243m1000Y213o1
a0X5x000003qFbQMDC,001N253d1000N203k1
u0R4g000003fUgFOYI,001C253d1000I283w1
c0L5x000007jAxNNCS,001G283b1000V293b1
k0S8f000000hXeZIUL,001C213v1000Q203g1
i0A9f000002fPjEJZU,001M283a1000S243i1
g0E1h000003bKtIDLI,001Z203d1000E223a1
z0Y6a000001jAqSUJL,001H273x1000F293d1
j0X9a000009iNgICEE,001Z283d1000Q213o1
a0M5w000002kOgVJXL,001P233j1000Q273n1
v0B1d000000yQbJDWW,001U243m1000Y213o1
k0D3c000003tBgMZPH,001N253d1000N203k1
f0Q1q000002yUqFXZS,001C253d1000I283w1
i0M6o000006uIeBFQR,001G283b1000V293b1
q0Y6s000009hMxYQVG,001C213v1000Q203g1
m0Z1c000005mNnVZVC,001M283a1000S243i1
c0T1a000008qSdBEAK,001Z203d1000E223a1
y0C5o000008lHsIVKY,001H273x1000F293d1
j0K5y000008dKqQYMZ,001Z283d1000Q213o1
h0X5p000005nRpTEJD,001P233j1000Q273n1
r0X8e000006kTaWDUJ,001U243m1000Y213o1
c0E4x000000vTfZTCT,001N253d1000N203k1
d0G6w000007xJbNDUP,001C253d1000I283w1
j0V7t000001rPqATRX,001G283b1000V293b1
d0R1y000000uCvJSCH,001C213v1000Q203g1
i0Z5y000008kPwNLKF,001M283a1000S243i1
e0D1w000004sJcTNGY,001Z203d1000E223a1
u0H9l000000oFhNPXO,001H273x1000F293d1
r0Z4u000008bHkQNQG,001Z283d1000Q213o1
k0G1q000009pNbGCAA,001P233j1000Q273n1
h0A4g000003xInVUSL,001U243m1000Y213o1
d0N5p000007nDoYYII,001N253d1000N203k1
g0Z1s000000dChEWEM,001C253d1000I283w1
u0D9a000005lVpKNMQ,001G283b1000V293b1
x0S2c000006jMsAWOS,001C213v1000Q203g1
z0U4b000004qKaEEZQ,001M283a1000S243i1
r0O1e000003qAcGAKU,001Z203d1000E223a1
m0N7j000007vMgXYGS,001H273x1000F293d1
n0F5t000006lNnARXL,001Z283d1000Q213o1
p0J4y000001cVsNJPH,001P233j1000Q273n1
h0L1s000005iXdQSZL,001U243m1000Y213o1
k0T1r000005xVoLRRK,001N253d1000N203k1
m0X8g000005jDzNAEV,001C253d1000I283w1
e0M4h000008fXrMGWS,001G283b1000V293b1
u0V9x000000bZuMXDS,001C213v1000Q203g1
w0D7t000003jGsEBKX,001M283a1000S243i1
m0J2o000007pXnFCSB,001Z203d1000E223a1
k0X7i000003tFsJIUE,001H273x1000F293d1
p0T4l000002yUrKYXU,001Z283d1000Q213o1
a0Y5p000008nZqFIKU,001P233j1000Q273n1
y0Q2j000001qIoNVZY,001U243m1000Y213o1
t0D2o000005jZpWOMC,001N253d1000N203k1
j0P6i000004rXnBPEV,001C253d1000I283w1
w0G0x000009qGgKTSU,001G283b1000V293b1
n0L7d000005hNvKZCX,001C213v1000Q203g1
d0E4x000005jLqTCVQ,001M283a1000S243i1
o0J9o000008uBdFQNR,001Z203d1000E223a1
g0X2n000002vZmVGMO,001H273x1000F293d1
o0W1w000000zSfKEXG,001Z283d1000Q213o1
n0C4t000002uFwTAHE,001P233j1000Q273n1
r0O5g000006bMpDYSO,001U243m1000Y213o1
y0O3f000002tTdJRYZ,001N253d1000N203k1
g0P4g000004pUfAXAF,001C253d1000I283w1
f0E8q000008xQwDPDJ,001G283b1000V293b1
u0H6z000005fOdESMN,001C213v1000Q203g1
z0N7g000002zEbTEBD,001M283a1000S243i1
x0R5y000000vDqGRNL,001Z203d1000E223a1
l0N2p000003aBfFUCS,001H273x1000F293d1
u0R0m000006rGtINHC,001Z283d1000Q213o1
h0P8u000009iSoMWCQ,001P233j1000Q273n1
u0V4t000000nZcCUOR,001U243m1000Y213o1
f0P6m000003cHlWZBZ,001N253d1000N203k1
q0C9w000000lDwDCNX,001C253d1000I283w1
i0I5z000004pEeHYIM,001G283b1000V293b1
g0Y5v000009aMfRTBS,001C213v1000Q203g1
b0Z9e000009kKjKSYV,001M283a1000S243i1
x0O4p000006cPhTEGZ,001Z203d1000E223a1
m0E9n000001aLoPMJX,001H273x1000F293d1
y0N6m000007rUyBLBL,001Z283d1000Q213o1
c0P3f000007bHzQXNP,001P233j1000Q273n1
t0E7l000002rGmJGPW,001U243m1000Y213o1
i0Q3h000002mJzMELR,001N253d1000N203k1
e0Z0y000009uIoSFZT,001C253d1000I283w1
y0H5e000000tGtKDGB,001G283b1000V293b1
n0U6x000005sTtNCSP,001C213v1000Q203g1
r0V3i000005bCpCNXM,001M283a1000S243i1
l0J7g000002oDgMKHS,001Z203d1000E223a1
z0L0s000007vSrYEYQ,001H273x1000F293d1
z0A3n000008zEsXCWJ,001Z283d1000Q213o1
e0I6r000004mUdUVSO,001P233j1000Q273n1
t0H4g000004qUgXAEO,001U243m1000Y213o1
i0H1q000005iIqUMPF,001N253d1000N203k1
n0Y5l000006gFiYMGP,001C253d1000I283w1
c0B7r000007cQlKHPD,001G283b1000V293b1
h0Q4m000005vXiLIUV,001C213v1000Q203g1
y0Y1z000003eLbUJZY,001M283a1000S243i1
l0G9n000004oEmWDKP,001Z203d1000E223a1
e0D9i000007tUqINWW,001H273x1000F293d1
q0C5m000004nVoLVNN,001Z283d1000Q213o1
k0G2z000004pXjRWWP,001P233j1000Q273n1
x0N2i000008hOkYSTV,001U243m1000Y213o1
f0W8c000007lWoNQWU,001N253d1000N203k1
g0C8i000004aVrYKDO,001C253d1000I283w1
r0Q3y000003dLiKZOD,001G283b1000V293b1
o0R2w000006vUcSLNK,001C213v1000Q203g1
p0Y2v000000zXeSKVU,001M283a1000S243i1
b0L8g000002jWwIRPW,001Z203d1000E223a1
s0A4b000001nNnIMIZ,001H273x1000F293d1
a0Q7l000005jGgYNYD,001Z283d1000Q213o1
t0J7x000006vZbXJFH,001P233j1000Q273n1
z0G9s000000nFsEQSQ,001U243m1000Y213o1
n0J0a000009qLjMMGJ,001N253d1000N203k1
b0O5y000000aRrQHRZ,001C253d1000I283w1
l0K6p000002fEjIKGX,001G283b1000V293b1
u0R5j000006jUoZJUH,001C213v1000Q203g1
l0U9r000007nXyRAWW,001M283a1000S243i1
w0X7m000000yCnGBEZ,001Z203d1000E223a1
m0Y0q000007cFqQFRI,001H273x1000F293d1
e0L0z000001oAtEORK,001Z283d1000Q213o1
v0P0u000003vYfADCG,001P233j1000Q273n1
i0U6t000000gYhAMWM,001U243m1000Y213o1
u0D5h000001sDsGWGI,001N253d1000N203k1
t0P2g000009fXhMNVJ,001C253d1000I283w1
t0M1z000007tTjURKI,001G283b1000V293b1
m0B6j000006kUiHTPX,001C213v1000Q203g1
z0G6e000008cWsXLTA,001M283a1000S243i1
c0I8b000000tUrJIQR,001Z203d1000E223a1
k0P0c000005lMeQDOG,001H273x1000F293d1
k0G7s000008wAlQRFE,001Z283d1000Q213o1
y0O7u000005vYaRFIU,001P233j1000Q273n1
m0U3r000003nSsOEIA,001U243m1000Y213o1
b0Q6h000002oNsGSSJ,001N253d1000N203k1
h0A1x000006mKgYMEP,001C253d1000I283w1
y0A5f000003mHpRQBF,001G283b1000V293b1
l0D9v000000cJqLHYM,001C213v1000Q203g1
b0Q1k000007cDgUGGH,001M283a1000S243i1
r0X3u000002mBhPBFL,001Z203d1000E223a1
g0M5w000009ePvVYOV,001H273x1000F293d1
p0T8v000000wMrTCUJ,001Z283d1000Q213o1
g0X8r000001sHyGHDG,001P233j1000Q273n1
z0V0p000003uUjTCXJ,001U243m1000Y213o1
s0A9f000007lGuPZVV,001N253d1000N203k1
u0L3x000006hBcCQJR,001C253d1000I283w1
m0H3e000008hUcMOLY,001G283b1000V293b1
r0B8l000008eQzSOPU,001C213v1000Q203g1
m0J3z000001uMgFWQM,001M283a1000S243i1
f0L5g000004iFuEVEP,001Z203d1000E223a1
v0Q8x000007ySeSLEW,001H273x1000F293d1
h0Y4o000004eHeOLWN,001Z283d1000Q213o1
f0E6v000009nAgSAKU,001P233j1000Q273n1
u0F8d000004yEpOJTH,001U243m1000Y213o1
i0J9p000008jNuLFHX,001N253d1000N203k1
j0X8v000003vCrCSWZ,001C253d1000I283w1
e0E1l000007dQlGOQE,001G283b1000V293b1
l0S8f000008vDsNAIZ,001C213v1000Q203g1
b0V5g000003hSlEQMD,001M283a1000S243i1
r0P4p000007yItRQAI,001Z203d1000E223a1
g0C7b000000vDmDQQX,001H273x1000F293d1
b0V0x000009jHkUFHE,001Z283d1000Q213o1
r0C7r000007gGpDYYS,001P233j1000Q273n1
p0X3a000003fLeDQKG,001U243m1000Y213o1
n0G2n000002fYtERDB,001N253d1000N203k1
d0L4r000001hNgFMNX,001C253d1000I283w1
b0T7h000006jOfCVTE,001G283b1000V293b1
o0T5x000002aWdGBBK,001C213v1000Q203g1
v0S5j000006aXdONGR,001M283a1000S243i1
y0Z8f000002fIqLKXR,001Z203d1000E223a1
k0X4a000001aPdYWFM,001H273x1000F293d1
k0M7v000000rFyEXIA,001Z283d1000Q213o1
y0X4l000005fJpLXVI,001P233j1000Q273n1
g0N9u000001kAkLSAW,001U243m1000Y213o1
u0C1o000009dMhUEZM,001N253d1000N203k1
x0K4q000009tXsNGAU,001C253d1000I283w1
y0I5p000007nPnUODC,001G283b1000V293b1
d0T6u000006mZdNABJ,001C213v1000Q203g1
v0H6k000008oNkWGDO,001M283a1000S243i1
y0P7g000008lAoEYDA,001Z203d1000E223a1
a0S1i000008nYpVAFX,001H273x1000F293d1
o0O7l000008jHmDFJU,001Z283d1000Q213o1
i0J2t000007gJmQFAQ,001P233j1000Q273n1
f0B9j000003cNlJAND,001U243m1000Y213o1
v0S3x000008yPxMIUP,001N253d1000N203k1
w0Z6u000009iGeVFYB,001C253d1000I283w1
f0N7z000002dPxVLTN,001G283b1000V293b1
a0X0d000008hSySBMR,001C213v1000Q203g1
t0L9p000001hCeNQZS,001M283a1000S243i1
u0U7v000009wYbZPJK,001Z203d1000E223a1
r0J2p000003gEqGVBK,001H273x1000F293d1
m0C4e000007xQpLSDE,001Z283d1000Q213o1
x0J0o000009nZgZXLR,001P233j1000Q273n1
e0S0f000005zXcEGBT,001U243m1000Y213o1
x0M9k000002fZvMFYN,001N253d1000N203k1
d0O8w000009cWlEOZE,001C253d1000I283w1
m0S4c000008qXmUIZO,001G283b1000V293b1
c0K2w000004bFaZBOE,001C213v1000Q203g1
v0B2f000009pVsXYCN,001M283a1000S243i1
f0J4v000007nUuPGWF,001Z203d1000E223a1
p0S8o000000qMnUDLD,001H273x1000F293d1
h0P0b000008pUwKXPQ,001Z283d1000Q213o1
z0O5e000005oNmCZFU,001P233j1000Q273n1
t0S1r000000sLpYIAM,001U243m1000Y213o1
s0E8b000008rZvBDYN,001N253d1000N203k1
g0X4t000003pEhWZPO,001C253d1000I283w1
m0A5g000005zHsHPHO,001G283b1000V293b1
j0O3k000008eIdNLDE,001C213v1000Q203g1
l0R4c000005xUiTJBH,001M283a1000S243i1
f0X3g000003nTdFDCY,001Z203d1000E223a1
q0J0w000002qKgJALU,001H273x1000F293d1
f0U1c000000kYxNPKY,001Z283d1000Q213o1
f0E6y000005zAzZZBT,001P233j1000Q273n1
c0X5b000005sQzUZRT,001U243m1000Y213o1
n0U0j000009kYfXAJM,001N253d1000N203k1
l0D2k000004nLjUIGO,001C253d1000I283w1
i0A5s000001aUmDEIM,001G283b1000V293b1
w0C9y000001yLnDHEV,001C213v1000Q203g1
r0L3q000008mWmQBLA,001M283a1000S243i1
g0F7m000006vBiBHQL,001Z203d1000E223a1
w0Y2u000009mEuVTAP,001H273x1000F293d1
a0S3f000006sQpPBPP,001Z283d1000Q213o1
z0K2h000003kQnPKZR,001P233j1000Q273n1
t0J2l000008cYjTGNK,001U243m1000Y213o1
r0O1z000007iWgAYES,001N253d1000N203k1
n0Q5s000000jAtJVBB,001C253d1000I283w1
h0E7v000006nEuQUQI,001G283b1000V293b1
u0O0i000002rHhVPDU,001C213v1000Q203g1
i0A4n000005eTnENLX,001M283a1000S243i1
f0K5y000008tEtVKJG,001Z203d1000E223a1
s0L2v000000sPmRDWX,001H273x1000F293d1
c0T3q000000xQsCABW,001Z283d1000Q213o1
w0W0u000008xTyVGIN,001P233j1000Q273n1
k0N4r000009qMcTAUN,001U243m1000Y213o1
u0A8w000006fMgPBCQ,001N253d1000N203k1
y0H1i000007dXnMKAB,001C253d1000I283w1
c0O2m000001oAsMPJE,001G283b1000V293b1
m0I0k000001wVkIYXN,001C213v1000Q203g1
l0Q9o000005pJaTOXY,001M283a1000S243i1
t0L2e000008xZsMZGE,001Z203d1000E223a1
c0H8m000000pGhQIBL,001H273x1000F293d1
p0G2a000002jQmITTL,001Z283d1000Q213o1
c0R5t000005oHvVCLY,001P233j1000Q273n1
b0T7s000001sImZDZZ,001U243m1000Y213o1
q0O7h000007jIySMIB,001N253d1000N203k1
h0Y2g000003pLdDCHM,001C253d1000I283w1
h0U3p000005pMbUNXW,001G283b1000V293b1
m0V5y000001aQjYTDZ,001C213v1000Q203g1
f0Z9e000003iVeTIYW,001M283a1000S243i1
o0M0l000005gEmOWLD,001Z203d1000E223a1
u0Q6z000000cKnCKUL,001H273x1000F293d1
k0J0c000006uRfTPSM,001Z283d1000Q213o1
g0K7y000004wCtCMZV,001P233j1000Q273n1
w0L9s000005eYiIMRW,001U243m1000Y213o1
v0U1o000009dWeKOEM,001N253d1000N203k1
d0O7x000004sRbWZEB,001C253d1000I283w1
k0U2t000003wQjANZA,001G283b1000V293b1
c0R5d000001yOeJFZY,001C213v1000Q203g1
p0U7b000006kYbRPRP,001M283a1000S243i1
q0T5a000000vIqTCPA,001Z203d1000E223a1
o0C1j000002cLuIULR,001H273x1000F293d1
t0Y7i000005yNjRHCG,001Z283d1000Q213o1
e0T5y000007qWyVIQE,001P233j1000Q273n1
t0M7w000006jVrLCGN,001U243m1000Y213o1
h0T4p000002fRwBRBV,001N253d1000N203k1
e0U4p000001gOeZLSM,001C253d1000I283w1
r0G9i000004hLcQPDW,001G283b1000V293b1
q0J0b000005pYwYJPK,001C213v1000Q203g1
y0G3e000002nXhTSPD,001M283a1000S243i1
f0T3f000004vTuBMUO,001Z203d1000E223a1
f0U8p000004xGpLMZV,001H273x1000F293d1
r0L6q000001lMuHGOS,001Z283d1000Q213o1
h0R4d000002lEqZZOA,001P233j1000Q273n1
l0W8o000006wZcRAQT,001U243m1000Y213o1
c0F0f000008zYbIIWZ,001N253d1000N203k1
u0D8i000003xNbTSPR,001C253d1000I283w1
w0C8u000009jNfSZPE,001G283b1000V293b1
u0N8g000009aXjTQJK,001C213v1000Q203g1